iso3,country,year,event_name,event_start_date,disaster_internal_displacements,disaster_internal_displacements_raw,hazard_category,hazard_type,hazard_subtype,event_codes,event_id,displacement_occurred,data_source
ASM,American Samoa,2018,"American Samoa, New Zealand, Samoa, Tonga: Tropical Cyclone GITA - 9/2/2018",2018-02-09,4600,4600,Weather related,Storm,Typhoon/Hurricane/Cyclone,,3160,,Internal Displacement Monitoring Centre (IDMC)
ASM,American Samoa,2020,"Samoa; American Samoa: Tropical Depression (Invest 96P, Invest 97P, Invest 98P), Tropical Cyclone 18P (Wasi / Vicky) -  16/2/2020",2020-02-16,390,394,Weather related,Storm,Storm,,7180,Displacement without preventive evacuations reported,Internal Displacement Monitoring Centre (IDMC)
ASM,American Samoa,2022,"American Samoa, Cook Islands, French Polynesia: Storm surge - 12/07/2022",2022-07-12,59,59,Weather related,Storm,Storm surge,,12994,,Internal Displacement Monitoring Centre (IDMC)
COK,Cook Islands,2010,Pat,2010-01-01,270,272,Weather related,Storm,Storm,,,,Internal Displacement Monitoring Centre (IDMC)
COK,Cook Islands,2010,Rene,2010-01-01,380,380,Weather related,Storm,Storm,,,,Internal Displacement Monitoring Centre (IDMC)
COK,Cook Islands,2016,Cook Islands: Tropical Cyclone Victor - 15/01/2016,2016-01-15,6,6,Weather related,Storm,Typhoon/Hurricane/Cyclone,,105,Displacement without preventive evacuations reported,Internal Displacement Monitoring Centre (IDMC)
COK,Cook Islands,2021,Cook Islands: Floods - Rarotonga (Tupapa) - 11/05/2021,2021-05-11,12,12,Weather related,Flood,Flood,,8097,Displacement without preventive evacuations reported,Internal Displacement Monitoring Centre (IDMC)
COK,Cook Islands,2022,"American Samoa, Cook Islands, French Polynesia: Storm surge - 12/07/2022",2022-07-12,7,7,Weather related,Storm,Storm surge,,12994,,Internal Displacement Monitoring Centre (IDMC)
FJI,Fiji,2009,Cyclone mick,2009-01-01,3800,3845,Weather related,Storm,Storm,,,,Internal Displacement Monitoring Centre (IDMC)
FJI,Fiji,2009,Fiji: Flood - 01/01/2009,2009-01-01,9400,9400,Weather related,Flood,Flood,,,,Internal Displacement Monitoring Centre (IDMC)
FJI,Fiji,2010,Cyclone 'tomas',2010-01-01,18000,18000,Weather related,Storm,Storm,,,,Internal Displacement Monitoring Centre (IDMC)
FJI,Fiji,2012,Fiji: Flood - 01/01/2012,2012-01-01,3600,3646,Weather related,Flood,Flood,,,,Internal Displacement Monitoring Centre (IDMC)
FJI,Fiji,2012,Fiji: Flood - 01/01/2012,2012-01-01,15000,15000,Weather related,Flood,Flood,,,,Internal Displacement Monitoring Centre (IDMC)
FJI,Fiji,2012,Fiji: Storm - 01/01/2012,2012-01-01,8400,8416,Weather related,Storm,Storm,,,,Internal Displacement Monitoring Centre (IDMC)
FJI,Fiji,2014,Tropical depression,2014-02-27,800,800,Weather related,Storm,Storm,,,,Internal Displacement Monitoring Centre (IDMC)
FJI,Fiji,2016,Tropical cyclone Winston,2016-02-07,62000,62000,Weather related,Storm,Typhoon/Hurricane/Cyclone,TC-2016-000014-FJI:Glide Number; TC-2016-000014-TON:Glide Number,657,Displacement without preventive evacuations reported,Internal Displacement Monitoring Centre (IDMC)
FJI,Fiji,2016,Fiji: Tropical Cyclone Zena - 05/04/2016,2016-04-05,12000,12000,Weather related,Storm,Typhoon/Hurricane/Cyclone,FL-2016-000024-FJI:Glide Number,8639,Displacement without preventive evacuations reported,Internal Displacement Monitoring Centre (IDMC)
FJI,Fiji,2016,Fiji: Tropical depression - Countrywide - 16/12/2016,2016-12-16,2100,2072,Weather related,Storm,Storm,TC-2016-000132-FJI:Glide Number,492,Displacement without preventive evacuations reported,Internal Displacement Monitoring Centre (IDMC)
FJI,Fiji,2017,Fiji : Viti Levu Flood - 08/02/2017,2017-02-08,220,216,Weather related,Flood,Flood,,1474,Displacement without preventive evacuations reported,Internal Displacement Monitoring Centre (IDMC)
FJI,Fiji,2017,Fiji : Tropical Cyclone Ella - Country wide - 09/05/2017,2017-05-09,250,252,Weather related,Storm,Typhoon/Hurricane/Cyclone,,900,Displacement reporting preventive evacuations,Internal Displacement Monitoring Centre (IDMC)
FJI,Fiji,2018,Fiji: Tropical Cyclone Keni - 09/04/2018,2018-04-09,10000,10087,Weather related,Storm,Typhoon/Hurricane/Cyclone,,11908,Displacement without preventive evacuations reported,Internal Displacement Monitoring Centre (IDMC)
FJI,Fiji,2019,Fiji: Tropical Cyclone Mona - 2/1/2019,2019-01-02,2300,2327,Weather related,Storm,Typhoon/Hurricane/Cyclone,TC-2018-000427-FJI:Glide Number,4553,Displacement without preventive evacuations reported,Internal Displacement Monitoring Centre (IDMC)
FJI,Fiji,2019,Fiji: Landslide - Navosa - February 2019,2019-02-01,80,80,Weather related,Mass Movement,Landslide/Wet mass movement,,4902,Displacement without preventive evacuations reported,Internal Displacement Monitoring Centre (IDMC)
FJI,Fiji,2019,Fiji: Cylone Pola - 23/2/2019,2019-02-23,15,15,Weather related,Storm,Typhoon/Hurricane/Cyclone,,2480,Displacement without preventive evacuations reported,Internal Displacement Monitoring Centre (IDMC)
FJI,Fiji,2019,Fiji: Flooding - Central Division- 22/04/2019,2019-04-22,57,57,Weather related,Storm,Storm,,3042,Displacement without preventive evacuations reported,Internal Displacement Monitoring Centre (IDMC)
FJI,Fiji,2019,Fiji: Landslide - Cakaudrove (Northern Division)- 24/04/2019,2019-04-24,10,10,Weather related,Mass Movement,Landslide/Wet mass movement,,3129,Displacement without preventive evacuations reported,Internal Displacement Monitoring Centre (IDMC)
FJI,Fiji,2019,Fiji: Storm - Viti Levu (Veriaisi) - 7/10/2019,2019-10-07,20,20,Weather related,Storm,Storm,,5842,Displacement reporting preventive evacuations,Internal Displacement Monitoring Centre (IDMC)
FJI,Fiji,2019,Fiji: Tropical Cyclone Sarai - 12/12/2019,2019-12-12,3100,3111,Weather related,Storm,Storm,TC-2019-000180-FJI:Glide Number,6525,Displacement without preventive evacuations reported,Internal Displacement Monitoring Centre (IDMC)
FJI,Fiji,2020,"Fiji, Tuvalu: TC Tino - 17/01/2020",2020-01-17,3100,3115,Weather related,Storm,Typhoon/Hurricane/Cyclone,,6670,Displacement without preventive evacuations reported,Internal Displacement Monitoring Centre (IDMC)
FJI,Fiji,2020,"Vanuatu, Solomon Islands, Fiji, Tonga: Tropical Cyclone Harold - 01/04/2020",2020-04-01,10000,10000,Weather related,Storm,Storm,TC-2020-000049-VUT:Glide Number; TC-2020-000051-FJI:Glide Number,7351,Displacement reporting preventive evacuations,Internal Displacement Monitoring Centre (IDMC)
FJI,Fiji,2020,Fiji: Sea Level Rise - Kadavu (Narikoso) - 20/11/2020,2020-11-20,35,35,Weather related,Wave action,Rogue Wave,,9984,Displacement without preventive evacuations reported,Internal Displacement Monitoring Centre (IDMC)
FJI,Fiji,2020,"Fiji, Vanuatu: Cyclone Yasa - countrywide - 16/12/2020",2020-12-13,23000,23413,Weather related,Storm,Typhoon/Hurricane/Cyclone,TC-2020-000238-FJI:Glide Number,7206,Displacement without preventive evacuations reported,Internal Displacement Monitoring Centre (IDMC)
FJI,Fiji,2021,Fiji: Cyclones Ana & Bina - countrywide - 28/01/2021,2021-01-28,14000,14322,Weather related,Storm,Typhoon/Hurricane/Cyclone,,9473,Displacement without preventive evacuations reported,Internal Displacement Monitoring Centre (IDMC)
FJI,Fiji,2021,Fiji: Floods - countrywide - 02/03/2021,2021-03-02,2,2,Weather related,Flood,Flood,,9900,,Internal Displacement Monitoring Centre (IDMC)
FJI,Fiji,2021,Fiji: Floods - Central Division - 02/05/21,2021-05-02,5,5,Weather related,Flood,Flood,,6722,Displacement without preventive evacuations reported,Internal Displacement Monitoring Centre (IDMC)
FJI,Fiji,2021,"Fiji: Landslide - Naitasiri Province (Sawani, Navatuvula Village) - 11/12/2021",2021-12-11,12,12,Weather related,Mass Movement,Landslide/Wet mass movement,,11235,Displacement without preventive evacuations reported,Internal Displacement Monitoring Centre (IDMC)
FJI,Fiji,2022,Fiji: Tropical Cyclone Cody - Countrywide - 08/01/2022,2022-01-08,4600,4630,Weather related,Storm,Typhoon/Hurricane/Cyclone,TC-2022-000007-FJI:Glide Number,11365,Displacement without preventive evacuations reported,Internal Displacement Monitoring Centre (IDMC)
FJI,Fiji,2022,Fiji: Flood - Nadi - 05/02/2022,2022-02-05,130,130,Weather related,Flood,Flood,,13076,,Internal Displacement Monitoring Centre (IDMC)
FJI,Fiji,2022,"Fiji: Rogue Wave (Kadavu, Tabuya) - 15/06/2022",2022-06-15,14,14,Weather related,Wave action,Rogue Wave,,13022,,Internal Displacement Monitoring Centre (IDMC)
FJI,Fiji,2023,Fiji: Flood - Northern Division (Savusavu and Labasa) - 03/02/2023,2023-02-03,350,350,Weather related,Flood,Flood,,14740,Displacement without preventive evacuations reported,Internal Displacement Monitoring Centre (IDMC)
FJI,Fiji,2023,Fiji: Cyclone Mal - Viti Levu - 14/11/2023,2023-11-14,6400,6381,Weather related,Storm,Typhoon/Hurricane/Cyclone,MDRFJ007:IFRC Appeal ID; TC-2023-000219-FJI:Glide Number,19471,Displacement without preventive evacuations reported,Internal Displacement Monitoring Centre (IDMC)
FJI,Fiji,2024,Fiji: Landslide/ Wet mass movement - Suva (Samabula) - 20/01/2024,2024-01-20,5,5,Weather related,Mass Movement,Landslide/Wet mass movement,,21163,Displacement without preventive evacuations reported,Internal Displacement Monitoring Centre (IDMC)
FJI,Fiji,2024,Fiji: Flood - Labasa (Naodamu) - 12/02/2024,2024-02-12,9,9,Weather related,Flood,Flood,,22165,Displacement without preventive evacuations reported,Internal Displacement Monitoring Centre (IDMC)
FJI,Fiji,2024,Fiji: Flood - Western and Central Division (Ba and Rewa) - 16/03/2024,2024-03-16,390,390,Weather related,Flood,Flood,,22751,Displacement without preventive evacuations reported,Internal Displacement Monitoring Centre (IDMC)
FJI,Fiji,2024,Fiji: Flood - Vatuwaqa and Wailoku - 26/10/2024,2024-10-26,9,9,Weather related,Flood,Flood,,27989,Displacement without preventive evacuations reported,Internal Displacement Monitoring Centre (IDMC)
FJI,Fiji,2024,Fiji: Flood - Western Division - 25/12/2024,2024-12-25,350,350,Weather related,Flood,Flood,,28967,Displacement without preventive evacuations reported,Internal Displacement Monitoring Centre (IDMC)
FJI,Fiji,2025,"Fiji: Cyclone Rae - Northern, Central, and Eastern Divisions - 21/02/2025",2025-02-21,1500,1500,Weather related,Storm,Typhoon/Hurricane/Cyclone,TC-2025-000014-FJI:Glide Number,30554,Displacement reporting preventive evacuations,Internal Displacement Monitoring Centre (IDMC)
PYF,French Polynesia,2010,Cyclone 'oli',2010-01-01,3500,3500,Weather related,Storm,Storm,,,,Internal Displacement Monitoring Centre (IDMC)
PYF,French Polynesia,2017,Tahiti and Moorea Floods,2017-01-22,1100,1140,Weather related,Flood,Flood,,847,Displacement without preventive evacuations reported,Internal Displacement Monitoring Centre (IDMC)
PYF,French Polynesia,2019,French Polynesia: Storm - Pirae (Tahiti) - 16/2/2019,2019-02-16,30,30,Weather related,Storm,Storm,,4886,Displacement without preventive evacuations reported,Internal Displacement Monitoring Centre (IDMC)
PYF,French Polynesia,2020,"French Polynesia: Flood - Iles de la Société (Moorea, Tahiti) - 01/02/2020",2020-02-01,27,27,Weather related,Flood,Flood,,6732,Displacement without preventive evacuations reported,Internal Displacement Monitoring Centre (IDMC)
PYF,French Polynesia,2022,"American Samoa, Cook Islands, French Polynesia: Storm surge - 12/07/2022",2022-07-12,15,15,Weather related,Storm,Storm surge,,12994,,Internal Displacement Monitoring Centre (IDMC)
PYF,French Polynesia,2022,French Polynesia: Landslide - Hitiaa O Te Ra (Mahaena) - 06/11/2022,2022-11-06,2,2,Weather related,Mass Movement,Landslide/Wet mass movement,,14028,Displacement without preventive evacuations reported,Internal Displacement Monitoring Centre (IDMC)
PYF,French Polynesia,2024,French Polynesia: Flood - Windward Islands (Pira'e) - 12/02/2024,2024-02-12,21,21,Weather related,Flood,Flood,,22261,Displacement reporting preventive evacuations,Internal Displacement Monitoring Centre (IDMC)
PYF,French Polynesia,2025,French Polynesia: Landslide/Wet mass movement - Afaahiti-Taravao - 26/11/2025,2025-11-26,42,42,Weather related,Mass Movement,Landslide/Wet mass movement,,37646,Displacement without preventive evacuations reported,Internal Displacement Monitoring Centre (IDMC)
GUM,Guam,2018,"China, Guam, Northern Mariana Islands, Philippines, Thailand: Typhoon Mangkhut - 7/9/2018",2018-09-07,2100,2143,Weather related,Storm,Typhoon/Hurricane/Cyclone,TC-2018-000149-PHL:Glide Number; TC-2018-000152-CHN:Glide Number,4801,Displacement without preventive evacuations reported,Internal Displacement Monitoring Centre (IDMC)
GUM,Guam,2018,"Guam, Northern Mariana Islands, Philippines: Super Typhoon Yutu - 24/10/2018",2018-10-24,290,290,Weather related,Storm,Typhoon/Hurricane/Cyclone,TC-2018-000255-PHL:Glide Number,6354,Displacement without preventive evacuations reported,Internal Displacement Monitoring Centre (IDMC)
GUM,Guam,2019,Guam; Northern Mariana Islands: Typhoon Wutip - 21/2/2019,2019-02-21,430,434,Weather related,Storm,Typhoon/Hurricane/Cyclone,,2856,Displacement without preventive evacuations reported,Internal Displacement Monitoring Centre (IDMC)
GUM,Guam,2019,Guam (USA); Philippines: Typhoon Kammuri (locally named TISOY) - 26/11/2019,2019-11-24,19,19,Weather related,Storm,Typhoon/Hurricane/Cyclone,TC-2019-000159-PHL:Glide Number,6781,Displacement without preventive evacuations reported,Internal Displacement Monitoring Centre (IDMC)
GUM,Guam,2023,"Philippines, Japan, Guam, Northern Mariana Islands: Tropical Cyclone Mawar (Betty) - 20/05/2023",2023-05-20,1100,1145,Weather related,Storm,Typhoon/Hurricane/Cyclone,TC-2023-000077-GUM:Glide Number; TC-2023-000077-JPN:Glide Number; TC-2023-000077-PHL:Glide Number,22191,Displacement without preventive evacuations reported,Internal Displacement Monitoring Centre (IDMC)
GUM,Guam,2023,"Guam, Northern Mariana Islands: Super Typhoon Bolaven - Tinian, Saipan, and Rota - 10/10/2023",2023-10-10,440,437,Weather related,Storm,Typhoon/Hurricane/Cyclone,,18681,Displacement without preventive evacuations reported,Internal Displacement Monitoring Centre (IDMC)
KIR,Kiribati,2008,Kiribati: Flood - 12/09/2008,2008-09-12,85,85,Weather related,Flood,Flood,,,,Internal Displacement Monitoring Centre (IDMC)
KIR,Kiribati,2015,Cyclone pam,2015-03-13,2500,2520,Weather related,Storm,Typhoon/Hurricane/Cyclone,,,,Internal Displacement Monitoring Centre (IDMC)
MHL,Marshall Islands,2008,Marshall Islands: Flood - 12/10/2008,2008-10-12,600,600,Weather related,Flood,Flood,,,,Internal Displacement Monitoring Centre (IDMC)
MHL,Marshall Islands,2014,King tides in the atolls,2014-03-03,1200,1246,Weather related,Flood,Flood,,,,Internal Displacement Monitoring Centre (IDMC)
MHL,Marshall Islands,2019,Marshall Islands: Flood (swell) - Majuro - 27/11/2019,2019-11-27,200,200,Weather related,Flood,Flood,,6390,Displacement without preventive evacuations reported,Internal Displacement Monitoring Centre (IDMC)
MHL,Marshall Islands,2022,Marshall Islands: Flood - (4 regions) - 10/12/2022,2022-12-10,28,28,Weather related,Flood,Flood,,14373,Displacement without preventive evacuations reported,Internal Displacement Monitoring Centre (IDMC)
MHL,Marshall Islands,2024,Marshall Islands: Storm surge - Roi-Namur (Kwajalein) - 22/01/2024,2024-01-22,80,80,Weather related,Storm,Storm surge,MDRMH003:IFRC Appeal ID; SS-2024-000006-MHL:Glide Number,21401,Displacement without preventive evacuations reported,Internal Displacement Monitoring Centre (IDMC)
MHL,Marshall Islands,2024,Marshall Islands: Drought - (Namo and Likiep) - 27/02/2024,2024-02-27,200,202,Weather related,Drought,Drought,,23954,Displacement without preventive evacuations reported,Internal Displacement Monitoring Centre (IDMC)
MHL,Marshall Islands,2024,Marshall Islands: Storm - Jaluit Island - 07/09/2024,2024-09-07,21,21,Weather related,Storm,Storm,,26909,Displacement without preventive evacuations reported,Internal Displacement Monitoring Centre (IDMC)
MHL,Marshall Islands,2024,Marshall Islands: Storm - Small Island - 09/09/2024,2024-09-09,14,14,Weather related,Storm,Storm,,26910,,Internal Displacement Monitoring Centre (IDMC)
FSM,Micronesia (Federated States of),2015,Typhoon maysak,2015-03-27,6800,6760,Weather related,Storm,Typhoon/Hurricane/Cyclone,,,,Internal Displacement Monitoring Centre (IDMC)
FSM,Micronesia (Federated States of),2023,"Micronesia: Typhoon/Hurricane/Cyclone - Pohnpei, Sapwuafik and Pakin - 20/04/2023",2023-04-20,5,5,Weather related,Storm,Typhoon/Hurricane/Cyclone,,16166,Displacement without preventive evacuations reported,Internal Displacement Monitoring Centre (IDMC)
NCL,New Caledonia,2017,"New Caledonia, Vanuatu: Tropical Cyclone Cook - 05/04/2017",2017-04-06,350,350,Weather related,Storm,Typhoon/Hurricane/Cyclone,,6234,Displacement without preventive evacuations reported,Internal Displacement Monitoring Centre (IDMC)
NCL,New Caledonia,2017,"New Caledonia, Vanuatu: Tropical Cyclone Donna - 08/05/2017",2017-05-08,220,224,Weather related,Storm,Typhoon/Hurricane/Cyclone,TC-2017-000045-VUT:Glide Number,667,Displacement without preventive evacuations reported,Internal Displacement Monitoring Centre (IDMC)
NCL,New Caledonia,2018,New Caledonia: Wildfire - Ouvea - 3/11/2018,2018-11-03,48,48,Weather related,Wildfire,Wildfire,,4424,Displacement without preventive evacuations reported,Internal Displacement Monitoring Centre (IDMC)
NCL,New Caledonia,2020,"New Caledonie: Tropical Cyclone UESI - Province Nord (Belep, Koné) - 09/02/2020",2020-02-09,31,31,Weather related,Storm,Typhoon/Hurricane/Cyclone,,6934,Displacement without preventive evacuations reported,Internal Displacement Monitoring Centre (IDMC)
NCL,New Caledonia,2021,"New Caledonia, Papua New Guinea, Vanuatu: Tropical Depression Lucas - Countrywide - 02/02/2021",2021-02-02,440,438,Weather related,Storm,Storm,,10400,Displacement without preventive evacuations reported,Internal Displacement Monitoring Centre (IDMC)
NCL,New Caledonia,2021,New Caledonia: Niran Cyclone - countrywide - 05/03/2021,2021-03-05,5000,5000,Weather related,Storm,Typhoon/Hurricane/Cyclone,,11598,Displacement reporting preventive evacuations,Internal Displacement Monitoring Centre (IDMC)
NCL,New Caledonia,2021,New Caledonia: Floods - South Province (Yaté) - 04/05/2021,2021-05-04,3,3,Weather related,Flood,Flood,,8068,Displacement without preventive evacuations reported,Internal Displacement Monitoring Centre (IDMC)
NCL,New Caledonia,2021,New Caledonia: Tropical Depression Ruby - Countrywide - 13/12/2021,2021-12-13,55,55,Weather related,Storm,Storm,,11210,Displacement without preventive evacuations reported,Internal Displacement Monitoring Centre (IDMC)
NCL,New Caledonia,2022,"Vanuatu, New Caledonia, New Zealand: Tropical Cyclone Dovi - Countrywide - 06/02/2022",2022-02-08,110,113,Weather related,Storm,Typhoon/Hurricane/Cyclone,,12973,,Internal Displacement Monitoring Centre (IDMC)
NCL,New Caledonia,2022,New Caledonia: Tropical Depression Fili - Countrywide - 03/04/2022,2022-04-03,45,45,Weather related,Storm,Storm,,12978,,Internal Displacement Monitoring Centre (IDMC)
NCL,New Caledonia,2022,"New Caledonia: Flood - North Province (Koné, Canala) - 17/08/2022",2022-08-16,12,12,Weather related,Flood,Flood,,13191,Displacement without preventive evacuations reported,Internal Displacement Monitoring Centre (IDMC)
NCL,New Caledonia,2023,New Caledonia: Earthquake - Multiple Regions - 19/05/2023,2023-05-19,2,2,Geophysical,Earthquake,Earthquake,,16459,Displacement reporting preventive evacuations,Internal Displacement Monitoring Centre (IDMC)
MNP,Northern Mariana Islands,2018,"Japan, Northern Mariana Islands: Typhoon Cimaron - 21/8/2018",2018-08-21,22,22,Weather related,Storm,Typhoon/Hurricane/Cyclone,,3213,Displacement without preventive evacuations reported,Internal Displacement Monitoring Centre (IDMC)
MNP,Northern Mariana Islands,2018,"China, Guam, Northern Mariana Islands, Philippines, Thailand: Typhoon Mangkhut - 7/9/2018",2018-09-07,1100,1116,Weather related,Storm,Typhoon/Hurricane/Cyclone,TC-2018-000149-PHL:Glide Number; TC-2018-000152-CHN:Glide Number,4801,Displacement without preventive evacuations reported,Internal Displacement Monitoring Centre (IDMC)
MNP,Northern Mariana Islands,2018,"Guam, Northern Mariana Islands, Philippines: Super Typhoon Yutu - 24/10/2018",2018-10-24,13000,12800,Weather related,Storm,Typhoon/Hurricane/Cyclone,TC-2018-000255-PHL:Glide Number,6354,,Internal Displacement Monitoring Centre (IDMC)
MNP,Northern Mariana Islands,2019,Guam; Northern Mariana Islands: Typhoon Wutip - 21/2/2019,2019-02-21,83,83,Weather related,Storm,Typhoon/Hurricane/Cyclone,,2856,Displacement without preventive evacuations reported,Internal Displacement Monitoring Centre (IDMC)
MNP,Northern Mariana Islands,2019,Japan; Northern Mariana Islands: Super Typhoon Hagibis - 6/10/2019,2019-10-06,460,462,Weather related,Storm,Typhoon/Hurricane/Cyclone,TC-2019-000128-JPN:Glide Number,5962,Displacement without preventive evacuations reported,Internal Displacement Monitoring Centre (IDMC)
MNP,Northern Mariana Islands,2019,North Mariana Islands: Typhoon Bualoi - 21/10/2019,2019-10-21,330,328,Weather related,Storm,Typhoon/Hurricane/Cyclone,,5986,Displacement without preventive evacuations reported,Internal Displacement Monitoring Centre (IDMC)
MNP,Northern Mariana Islands,2023,"Philippines, Japan, Guam, Northern Mariana Islands: Tropical Cyclone Mawar (Betty) - 20/05/2023",2023-05-20,1000,1031,Weather related,Storm,Typhoon/Hurricane/Cyclone,TC-2023-000077-GUM:Glide Number; TC-2023-000077-JPN:Glide Number; TC-2023-000077-PHL:Glide Number,22191,Displacement without preventive evacuations reported,Internal Displacement Monitoring Centre (IDMC)
MNP,Northern Mariana Islands,2023,"Guam, Northern Mariana Islands: Super Typhoon Bolaven - Tinian, Saipan, and Rota - 10/10/2023",2023-10-10,110,109,Weather related,Storm,Typhoon/Hurricane/Cyclone,,18681,Displacement without preventive evacuations reported,Internal Displacement Monitoring Centre (IDMC)
PLW,Palau,2012,Palau: Storm - 01/01/2012,2012-01-01,150,151,Weather related,Storm,Storm,,,,Internal Displacement Monitoring Centre (IDMC)
PLW,Palau,2013,Typhoon haiyan,2013-07-11,1500,1500,Weather related,Storm,Storm,,,,Internal Displacement Monitoring Centre (IDMC)
PLW,Palau,2021,Philippines; Palau: Typhoon Surigae/Bising - Countrywide - 12/04/2021,2021-04-12,460,462,Weather related,Storm,Typhoon/Hurricane/Cyclone,TC-2021-000040-PHL:Glide Number; TC-2021-000040-PLW:Glide Number,10740,,Internal Displacement Monitoring Centre (IDMC)
PLW,Palau,2021,"Philippines, Palau, Viet Nam: Typhoon Rai (locally known as Odette) - 9 Regions (PHL), Countrywide (PLW), Quang Ngai, Quang Nam nd Phu Yen (VNM) - 11/12/2021",2021-12-11,2000,1995,Weather related,Storm,Typhoon/Hurricane/Cyclone,TC-2021-000202-PHL:Glide Number,11695,Displacement without preventive evacuations reported,Internal Displacement Monitoring Centre (IDMC)
PNG,Papua New Guinea,2008,Papua New Guinea: Flood - 12/08/2008,2008-08-12,75000,75000,Weather related,Flood,Flood,,,,Internal Displacement Monitoring Centre (IDMC)
PNG,Papua New Guinea,2009,Papua New Guinea: Landslide/Wet mass movement - 01/01/2009,2009-01-01,1000,1000,Weather related,Mass Movement,Landslide/Wet mass movement,,,,Internal Displacement Monitoring Centre (IDMC)
PNG,Papua New Guinea,2012,Papua New Guinea: Flood - 01/01/2012,2012-01-01,4000,4000,Weather related,Flood,Flood,,,,Internal Displacement Monitoring Centre (IDMC)
PNG,Papua New Guinea,2012,Papua New Guinea: Flood - 01/01/2012,2012-01-01,60000,60000,Weather related,Flood,Flood,,,,Internal Displacement Monitoring Centre (IDMC)
PNG,Papua New Guinea,2012,Papua New Guinea: Landslide/Wet mass movement - 01/01/2012,2012-01-01,11000,11000,Weather related,Mass Movement,Landslide/Wet mass movement,,,,Internal Displacement Monitoring Centre (IDMC)
PNG,Papua New Guinea,2013,Enga landslide,2013-12-01,20,20,Weather related,Mass Movement,Landslide/Wet mass movement,,,,Internal Displacement Monitoring Centre (IDMC)
PNG,Papua New Guinea,2013,Western highlands flood,2013-12-01,26,26,Weather related,Flood,Flood,,,,Internal Displacement Monitoring Centre (IDMC)
PNG,Papua New Guinea,2014,Angabanga river overflowing,2014-03-01,300,300,Weather related,Flood,Flood,,,,Internal Displacement Monitoring Centre (IDMC)
PNG,Papua New Guinea,2014,Cyclone ita,2014-04-11,7600,7610,Weather related,Storm,Storm,,,,Internal Displacement Monitoring Centre (IDMC)
PNG,Papua New Guinea,2014,Bougainville earthquake,2014-04-15,260,260,Geophysical,Earthquake,Earthquake,,,,Internal Displacement Monitoring Centre (IDMC)
PNG,Papua New Guinea,2014,Gulf province flood,2014-07-10,11000,11369,Weather related,Flood,Flood,,,,Internal Displacement Monitoring Centre (IDMC)
PNG,Papua New Guinea,2014,Mt bagana eruption,2014-08-09,1400,1380,Geophysical,Volcanic activity,Volcanic activity,,,,Internal Displacement Monitoring Centre (IDMC)
PNG,Papua New Guinea,2014,Mt. tavurvur eruption,2014-08-29,220,225,Geophysical,Volcanic activity,Volcanic activity,,,,Internal Displacement Monitoring Centre (IDMC)
PNG,Papua New Guinea,2016,Papua New Guinea: Floods - Jiwaka province - 03/01/2016,2016-01-03,100,100,Weather related,Flood,Flood,,167,Displacement without preventive evacuations reported,Internal Displacement Monitoring Centre (IDMC)
PNG,Papua New Guinea,2016,Papua New Guinea: Floods - Oro and west New Britain - 01/02/2016,2016-02-01,1000,1020,Weather related,Flood,Flood,FL-2016-000026-PNG:Glide Number; FL-2016-000027-PNG:Glide Number,10779,,Internal Displacement Monitoring Centre (IDMC)
PNG,Papua New Guinea,2016,"Papua New Guinea: Floods - Jiwake, Lababia, Morobe - 14/10/2016",2016-10-14,510,510,Weather related,Flood,Flood,,166,,Internal Displacement Monitoring Centre (IDMC)
PNG,Papua New Guinea,2017,Papua New Guinea: Floods - Eastern Highlands - 05/01/2017,2017-01-05,500,500,Weather related,Flood,Flood,,10842,,Internal Displacement Monitoring Centre (IDMC)
PNG,Papua New Guinea,2017,Papua New Guinea : Manam Volcanic activity -16/04/2017,2017-04-16,890,887,Geophysical,Volcanic activity,Volcanic activity,,1480,Displacement without preventive evacuations reported,Internal Displacement Monitoring Centre (IDMC)
PNG,Papua New Guinea,2018,Papua New Guinea: Volcanic Activity - Kadovar Island - 5/1/2018,2018-01-05,740,736,Geophysical,Volcanic activity,Volcanic activity,,2241,Displacement without preventive evacuations reported,Internal Displacement Monitoring Centre (IDMC)
PNG,Papua New Guinea,2018,Papua New Guinea: Earthquake - Southern Highlands - 26/02/2018,2018-02-26,58000,58292,Geophysical,Earthquake,Earthquake,EQ-2018-000020-PNG:Glide Number,3180,Displacement without preventive evacuations reported,Internal Displacement Monitoring Centre (IDMC)
PNG,Papua New Guinea,2018,Papua New Guinea: Volcanic Eruption (Manam) - Manam Island - 25/8/2018,2018-08-25,2000,2000,Geophysical,Volcanic activity,Volcanic activity,VO-2018-000148-PNG:Glide Number,3212,Displacement without preventive evacuations reported,Internal Displacement Monitoring Centre (IDMC)
PNG,Papua New Guinea,2019,Papua New Guinea: Flooding - Central Province - 14/1/2019,2019-01-14,120,118,Weather related,Flood,Flood,,4559,,Internal Displacement Monitoring Centre (IDMC)
PNG,Papua New Guinea,2019,Papua New Guinea: Floods - Daulo district (Eastern Highlands) - 6/02/2019,2019-02-04,20,20,Weather related,Flood,Flood,,4857,,Internal Displacement Monitoring Centre (IDMC)
PNG,Papua New Guinea,2019,Papua New Guinea: Floods - Chimbu - 7/2/2019,2019-02-07,20,20,Weather related,Flood,Flood,,4846,Displacement without preventive evacuations reported,Internal Displacement Monitoring Centre (IDMC)
PNG,Papua New Guinea,2019,Papua New Guinea: Floods - Raicoast district (Madang) - 7/2/2019,2019-02-07,74,74,Weather related,Mass Movement,Landslide/Wet mass movement,,4859,,Internal Displacement Monitoring Centre (IDMC)
PNG,Papua New Guinea,2019,Papua New Guinea: Flood - East New Britain - 18/2/2019,2019-02-11,270,272,Weather related,Flood,Flood,,6910,Displacement without preventive evacuations reported,Internal Displacement Monitoring Centre (IDMC)
PNG,Papua New Guinea,2019,Papua New Guinea; Vanuatu: Tropical Cyclone Oma - 13/2/2019,2019-02-13,300,300,Weather related,Storm,Typhoon/Hurricane/Cyclone,,3253,,Internal Displacement Monitoring Centre (IDMC)
PNG,Papua New Guinea,2019,Australia; Papua New Guinea: Cyclone Trevor - 19/03/2019,2019-03-19,420,418,Weather related,Storm,Typhoon/Hurricane/Cyclone,,7243,,Internal Displacement Monitoring Centre (IDMC)
PNG,Papua New Guinea,2019,Papua New Guinea: Landslide - Wapenamanda (Enga) - 15/4/2019,2019-04-15,1500,1500,Weather related,Mass Movement,Landslide/Wet mass movement,,3883,Displacement without preventive evacuations reported,Internal Displacement Monitoring Centre (IDMC)
PNG,Papua New Guinea,2019,Papua New Guinea: Flood - Western Highlands - 19/4/2019,2019-04-19,5000,5000,Weather related,Flood,Flood,,6756,Displacement without preventive evacuations reported,Internal Displacement Monitoring Centre (IDMC)
PNG,Papua New Guinea,2019,Papua New Guinea: Earthquake - Morobe - 7/5/2019,2019-05-07,640,639,Geophysical,Earthquake,Earthquake,,3905,,Internal Displacement Monitoring Centre (IDMC)
PNG,Papua New Guinea,2019,Papua New Guinea: Earthquake - Duke of York Islands - 14/5/2019,2019-05-14,300,300,Geophysical,Earthquake,Earthquake,,4061,,Internal Displacement Monitoring Centre (IDMC)
PNG,Papua New Guinea,2019,Papua New Guinea: Volcanic eruptions (Mount Ulawun) - New Britain - 26/6/2019,2019-06-26,16000,15800,Geophysical,Volcanic activity,Volcanic activity,VO-2019-000074-PNG:Glide Number,5123,Displacement without preventive evacuations reported,Internal Displacement Monitoring Centre (IDMC)
PNG,Papua New Guinea,2019,Papua New Guinea: Volcanic eruptions (Mount Manam) - Manam Island - 28/6/2019,2019-06-28,3800,3775,Geophysical,Volcanic activity,Volcanic activity,VO-2019-000074-PNG:Glide Number,5513,Displacement without preventive evacuations reported,Internal Displacement Monitoring Centre (IDMC)
PNG,Papua New Guinea,2019,Papua New Guinea: Volcanic eruptions (Mount Ulawun) - New Britain - 3/8/2019,2019-08-03,2800,2758,Geophysical,Volcanic activity,Volcanic activity,,5567,Displacement without preventive evacuations reported,Internal Displacement Monitoring Centre (IDMC)
PNG,Papua New Guinea,2020,Papua New Guinea: Land erosion - Lae (Busu Compound) - 1/1/2020,2020-01-01,98,98,Weather related,Mass Movement,Landslide/Wet mass movement,,7493,Displacement without preventive evacuations reported,Internal Displacement Monitoring Centre (IDMC)
PNG,Papua New Guinea,2020,Papua New Guinea: King Tide - Bougainville (Deos-Tinputz) - 03/01/2020,2020-01-03,180,181,Weather related,Wave action,Rogue Wave,,6888,Displacement without preventive evacuations reported,Internal Displacement Monitoring Centre (IDMC)
PNG,Papua New Guinea,2020,Papua New Guinea: Landslide - Huon-Gulf (Morobe) - 12/1/2020,2020-01-12,200,200,Weather related,Mass Movement,Landslide/Wet mass movement,,6921,Displacement without preventive evacuations reported,Internal Displacement Monitoring Centre (IDMC)
PNG,Papua New Guinea,2020,Papua New Guinea: Flash Flooding - Eastern Highlands - 13/01/2020,2020-01-13,200,200,Weather related,Flood,Flood,,6920,,Internal Displacement Monitoring Centre (IDMC)
PNG,Papua New Guinea,2020,Papua New Guinea: Landslide - Western Highlands (Tambul) - 21/03/2020,2020-03-21,52,52,Weather related,Mass Movement,Landslide/Wet mass movement,,6529,Displacement without preventive evacuations reported,Internal Displacement Monitoring Centre (IDMC)
PNG,Papua New Guinea,2020,Papua New Guinea: Flooding - Chimbu province - 25/03/2020,2020-03-25,700,700,Weather related,Flood,Flood,,7316,Displacement without preventive evacuations reported,Internal Displacement Monitoring Centre (IDMC)
PNG,Papua New Guinea,2020,Papua New Guinea: Flood - Goroka (Nupaha) - 1/04/2020,2020-04-01,2500,2458,Weather related,Flood,Flood,,7428,,Internal Displacement Monitoring Centre (IDMC)
PNG,Papua New Guinea,2020,Papua New Guinea: Landslide - Chimbu (Gembogl) - 10/04/2020,2020-04-10,5,5,Weather related,Mass Movement,Landslide/Wet mass movement,,7432,,Internal Displacement Monitoring Centre (IDMC)
PNG,Papua New Guinea,2021,Papua New Guinea - Landslides - Western Highlands province - 04/01/2021,2021-01-04,100,100,Weather related,Mass Movement,Landslide/Wet mass movement,,9273,Displacement reporting preventive evacuations,Internal Displacement Monitoring Centre (IDMC)
PNG,Papua New Guinea,2021,"Papua New Guinea: Floods - Southern Highland Province (Ialibu Pangia District, Tiri Village) - 15/03/2021",2021-03-15,50,50,Weather related,Flood,Flood,,11599,Displacement without preventive evacuations reported,Internal Displacement Monitoring Centre (IDMC)
PNG,Papua New Guinea,2021,"Papua New Guinea: Landslide - Western Highlands Province (Mul Baiyer Lumusa District, Lumusa) - 13/04/2021",2021-04-13,30,30,Weather related,Mass Movement,Landslide/Wet mass movement,,5135,Displacement without preventive evacuations reported,Internal Displacement Monitoring Centre (IDMC)
PNG,Papua New Guinea,2021,"Papua New Guinea: King Tide - Bougainville, New Ireland Island, Manus and East Sepik Provinces - 04/12/2021",2021-12-04,1200,1162,Weather related,Wave action,Rogue Wave,,11337,,Internal Displacement Monitoring Centre (IDMC)
PNG,Papua New Guinea,2021,"Papua New Guinea: Landslide - Western Highland Province (Mount Hagen District, Mount Hagen) - 04/12/2021",2021-12-04,5,5,Weather related,Mass Movement,Landslide/Wet mass movement,,11275,,Internal Displacement Monitoring Centre (IDMC)
PNG,Papua New Guinea,2021,"Papua New Guinea: Landslide - Southern Highland Province (Topa, Mendi) - 27/12/2021",2021-12-27,70,70,Weather related,Mass Movement,Landslide/Wet mass movement,,4567,,Internal Displacement Monitoring Centre (IDMC)
PNG,Papua New Guinea,2022,"Papua New Guinea: Flooding - West Sepik Province (Aitape-Lumi District, Aitape) - 11/01/2022",2022-01-11,2800,2750,Weather related,Flood,Flood,,11916,Displacement without preventive evacuations reported,Internal Displacement Monitoring Centre (IDMC)
PNG,Papua New Guinea,2022,Papua New Guinea: Flash Floods - West New Britain Province (Talasea) - 20/01/2022,2022-01-20,130,129,Weather related,Flood,Flood,,12989,,Internal Displacement Monitoring Centre (IDMC)
PNG,Papua New Guinea,2022,"Papua New Guinea: Landslide - Morobe Province (Bulolo District, Upper Nami) - 19/02/2022",2022-02-10,1600,1590,Weather related,Mass Movement,Landslide/Wet mass movement,,9487,Displacement without preventive evacuations reported,Internal Displacement Monitoring Centre (IDMC)
PNG,Papua New Guinea,2022,Papua New Guinea: Wildfire - Eastern Highlands - 01/07/2022,2022-07-01,57,57,Weather related,Wildfire,Wildfire,,14533,Displacement without preventive evacuations reported,Internal Displacement Monitoring Centre (IDMC)
PNG,Papua New Guinea,2022,"Papua New Guinea: Earthquake - Morobe, Madang, Eastern Highlands Province - 11/09/2022",2022-09-11,5100,5100,Geophysical,Earthquake,Earthquake,EQ-2022-000308-PNG:Glide Number,13477,Displacement without preventive evacuations reported,Internal Displacement Monitoring Centre (IDMC)
PNG,Papua New Guinea,2023,"Papua New Guinea: Earthquake - Momase (East Sepik, Keram and Karawari) - 03/04/2023",2023-04-03,620,619,Geophysical,Earthquake,Earthquake,EQ-2023-000049-PNG:Glide Number,15651,,Internal Displacement Monitoring Centre (IDMC)
PNG,Papua New Guinea,2023,Papua New Guinea: Volcanic activity - Autonomous Region of Bougainville - 07/07/2023,2023-07-07,3900,3920,Geophysical,Volcanic activity,Volcanic activity,VO-2023-000152-PNG:Glide Number,17431,Displacement without preventive evacuations reported,Internal Displacement Monitoring Centre (IDMC)
PNG,Papua New Guinea,2023,Papua New Guinea: Earthquake - Momase (Madang) - 09/10/2023,2023-10-07,390,394,Geophysical,Earthquake,Earthquake,EQ-2023-000185-PNG:Glide Number,18623,Displacement without preventive evacuations reported,Internal Displacement Monitoring Centre (IDMC)
PNG,Papua New Guinea,2023,Papua New Guinea: Volcanic activity - West New Britain (Mt Ulawun) - 20/11/2023,2023-11-20,8600,8565,Geophysical,Volcanic activity,Volcanic activity,VO-2023-000248-PNG:Glide Number,19717,Displacement without preventive evacuations reported,Internal Displacement Monitoring Centre (IDMC)
PNG,Papua New Guinea,2024,Papua New Guinea: Rogue wave (King Tide) - New Ireland Province (Tabar Group of Islands) - 22/01/2024,2024-01-22,65,65,Weather related,Wave action,Rogue Wave,,21336,,Internal Displacement Monitoring Centre (IDMC)
PNG,Papua New Guinea,2024,Papua New Guinea: Flood - Eastern Highlands (Goroko and Henganofi) - 01/03/2024,2024-03-01,6000,6000,Weather related,Flood,Flood,,29437,Displacement without preventive evacuations reported,Internal Displacement Monitoring Centre (IDMC)
PNG,Papua New Guinea,2024,Papua New Guinea: Flood - Jiwaka (Waghi and Jimi) - 01/03/2024,2024-03-01,1800,1780,Weather related,Flood,Flood,,29436,Displacement without preventive evacuations reported,Internal Displacement Monitoring Centre (IDMC)
PNG,Papua New Guinea,2024,"Papua New Guinea: Flood - Western Highlands (Hagen Central, Mul, Baiyer, Tambul, Nebilyer) - 01/03/2024",2024-03-01,75,75,Weather related,Flood,Flood,,29435,Displacement without preventive evacuations reported,Internal Displacement Monitoring Centre (IDMC)
PNG,Papua New Guinea,2024,Papua New Guinea: Flood - Madang - 10/03/2024,2024-03-10,490,489,Weather related,Flood,Flood,,22898,Displacement without preventive evacuations reported,Internal Displacement Monitoring Centre (IDMC)
PNG,Papua New Guinea,2024,Papua New Guinea: Landslides - Chimbu  Province (Kundiawa-Gembogl District) - 12/03/2024,2024-03-12,1500,1500,Weather related,Mass Movement,Landslide/Wet mass movement,,22774,Displacement without preventive evacuations reported,Internal Displacement Monitoring Centre (IDMC)
PNG,Papua New Guinea,2024,Papua New Guinea: Earthquake - East Sepik - 24/03/2024,2024-03-24,2400,2436,Geophysical,Earthquake,Earthquake,EQ-2024-000034-PNG:Glide Number,22872,Displacement without preventive evacuations reported,Internal Displacement Monitoring Centre (IDMC)
PNG,Papua New Guinea,2024,Papua New Guinea: Flood - Morobe (Bulolo) - 01/04/2024,2024-04-01,210,211,Weather related,Flood,Flood,,29441,Displacement without preventive evacuations reported,Internal Displacement Monitoring Centre (IDMC)
PNG,Papua New Guinea,2024,Papua New Guinea: Flood - Morobe Province (Huon Gulf) - 24/05/2024,2024-04-01,1300,1325,Weather related,Flood,Flood,,24943,Displacement without preventive evacuations reported,Internal Displacement Monitoring Centre (IDMC)
PNG,Papua New Guinea,2024,Papua New Guinea: Landslide/Wet mass movement - Western Highlands (Mt Hagen) - 17/04/2024,2024-04-17,5,5,Weather related,Mass Movement,Landslide/Wet mass movement,,23570,Displacement without preventive evacuations reported,Internal Displacement Monitoring Centre (IDMC)
PNG,Papua New Guinea,2024,Papua New Guinea: Flood - Enga (Lagaip-Pogera) - 01/05/2024,2024-05-01,540,540,Weather related,Flood,Flood,,29439,Displacement without preventive evacuations reported,Internal Displacement Monitoring Centre (IDMC)
PNG,Papua New Guinea,2024,Papua New Guinea: Landslide/Wet mass movement - Enga (Wabag) - 01/05/2024,2024-05-01,82,82,Weather related,Mass Movement,Landslide/Wet mass movement,,29438,Displacement without preventive evacuations reported,Internal Displacement Monitoring Centre (IDMC)
PNG,Papua New Guinea,2024,Papua New Guinea: Landslide/Wet mass movement - Enga (Wapenamanda) - 01/05/2024,2024-05-01,930,926,Weather related,Mass Movement,Landslide/Wet mass movement,,29440,Displacement without preventive evacuations reported,Internal Displacement Monitoring Centre (IDMC)
PNG,Papua New Guinea,2024,Papua New Guinea: Flood - Western (Multiple Regions) - 06/05/2024,2024-05-06,7100,7065,Weather related,Flood,Flood,,24045,Displacement without preventive evacuations reported,Internal Displacement Monitoring Centre (IDMC)
PNG,Papua New Guinea,2024,Papua New Guinea: Landslide/Wet mass movement - Enga Province (Lagaip-Porgera District) - 24/05/2024,2024-05-24,5100,5127,Weather related,Mass Movement,Landslide/Wet mass movement,LS-2024-000080-PNG:Glide Number,24167,Displacement without preventive evacuations reported,Internal Displacement Monitoring Centre (IDMC)
PNG,Papua New Guinea,2024,Papua New Guinea: Flood - Western Province (Middle Fly) - 01/06/2024,2024-06-01,1400,1436,Weather related,Flood,Flood,,29445,Displacement without preventive evacuations reported,Internal Displacement Monitoring Centre (IDMC)
PNG,Papua New Guinea,2024,Papua New Guinea: Flood - Lae - 27/06/2024,2024-06-27,150,150,Weather related,Flood,Flood,,26653,,Internal Displacement Monitoring Centre (IDMC)
PNG,Papua New Guinea,2024,Papua New Guinea: Flood - Southern Highland (Mendi) - 04/09/2024,2024-09-04,130,129,Weather related,Flood,Flood,,26652,Displacement without preventive evacuations reported,Internal Displacement Monitoring Centre (IDMC)
PNG,Papua New Guinea,2024,Papua New Guinea: Flood - Morobe - 09/09/2024,2024-09-09,13,13,Weather related,Flood,Flood,,26651,,Internal Displacement Monitoring Centre (IDMC)
PNG,Papua New Guinea,2024,Papua New Guinea: Landslide/Wet mass movement - Southern Highlands (Kagua Erave) - 11/11/2024,2024-10-11,1800,1810,Weather related,Mass Movement,Landslide/Wet mass movement,,28639,Displacement without preventive evacuations reported,Internal Displacement Monitoring Centre (IDMC)
PNG,Papua New Guinea,2025,Papua New Guinea: Flood - Momase (Madang Town) - 08/05/2025,2025-05-08,13,13,Weather related,Flood,Flood,,31321,Displacement without preventive evacuations reported,Internal Displacement Monitoring Centre (IDMC)
PNG,Papua New Guinea,2025,Papua New Guinea: Landslide/Wet mass movement - Highlands (Enga) - 31/10/2025,2025-10-31,6,6,Weather related,Mass Movement,Landslide/Wet mass movement,,39224,,Internal Displacement Monitoring Centre (IDMC)
PNG,Papua New Guinea,2025,Papua New Guinea: Landslide/Wet mass movement - Highlands (Western Highlands) - 21/11/2025,2025-11-21,6,6,Weather related,Mass Movement,Landslide/Wet mass movement,,39225,,Internal Displacement Monitoring Centre (IDMC)
WSM,Samoa,2009,Samoa: Earthquake - 01/01/2009,2009-01-01,5300,5274,Geophysical,Earthquake,Earthquake,,,,Internal Displacement Monitoring Centre (IDMC)
WSM,Samoa,2012,Samoa: Storm - 01/01/2012,2012-01-01,7700,7739,Weather related,Storm,Storm,,,,Internal Displacement Monitoring Centre (IDMC)
WSM,Samoa,2014,"Flood in gataivai, utalei",2014-07-27,86,86,Weather related,Flood,Flood,,,,Internal Displacement Monitoring Centre (IDMC)
WSM,Samoa,2015,Cyclone tuni,2015-11-27,960,965,Weather related,Storm,Typhoon/Hurricane/Cyclone,,,,Internal Displacement Monitoring Centre (IDMC)
WSM,Samoa,2016,Samoa: Tropical Cyclone Amos - 23/04/2016,2016-04-23,63,63,Weather related,Storm,Typhoon/Hurricane/Cyclone,TC-2016-000038-WSM:Glide Number,169,Displacement without preventive evacuations reported,Internal Displacement Monitoring Centre (IDMC)
WSM,Samoa,2018,"American Samoa, New Zealand, Samoa, Tonga: Tropical Cyclone GITA - 9/2/2018",2018-02-09,330,327,Weather related,Storm,Typhoon/Hurricane/Cyclone,,3160,Displacement without preventive evacuations reported,Internal Displacement Monitoring Centre (IDMC)
WSM,Samoa,2020,"Samoa; American Samoa: Tropical Depression (Invest 96P, Invest 97P, Invest 98P), Tropical Cyclone 18P (Wasi / Vicky) -  16/2/2020",2020-02-16,2,2,Weather related,Storm,Storm,,7180,Displacement without preventive evacuations reported,Internal Displacement Monitoring Centre (IDMC)
WSM,Samoa,2020,Samoa: Flash Flooding - Apia - 18/12/2020,2020-12-18,53,53,Weather related,Flood,Flood,,9182,Displacement without preventive evacuations reported,Internal Displacement Monitoring Centre (IDMC)
WSM,Samoa,2022,Samoa: Floods - Apia - 27/10/2022,2022-10-27,14,14,Weather related,Flood,Flood,,13982,Displacement without preventive evacuations reported,Internal Displacement Monitoring Centre (IDMC)
WSM,Samoa,2023,Samoa: Flood - Savai'i - 08/06/2023,2023-06-08,14,14,Weather related,Flood,Flood,,16462,Displacement without preventive evacuations reported,Internal Displacement Monitoring Centre (IDMC)
SLB,Solomon Islands,2010,Cyclone 'ului',2010-01-01,5000,5000,Weather related,Storm,Storm,,,,Internal Displacement Monitoring Centre (IDMC)
SLB,Solomon Islands,2010,Solomon Islands: Earthquake - 01/01/2010,2010-01-01,2800,2850,Geophysical,Earthquake,Earthquake,,,,Internal Displacement Monitoring Centre (IDMC)
SLB,Solomon Islands,2012,Solomon Islands: Flood - 01/01/2012,2012-01-01,47,47,Weather related,Flood,Flood,,,,Internal Displacement Monitoring Centre (IDMC)
SLB,Solomon Islands,2012,Solomon Islands: Storm - 01/01/2012,2012-01-01,1000,1000,Weather related,Storm,Storm,,,,Internal Displacement Monitoring Centre (IDMC)
SLB,Solomon Islands,2013,Solomon islands tsunami,2013-06-02,3500,3500,Geophysical,Earthquake,Earthquake,,,,Internal Displacement Monitoring Centre (IDMC)
SLB,Solomon Islands,2014,Honiara floods,2014-04-03,9000,9000,Weather related,Flood,Flood,,,,Internal Displacement Monitoring Centre (IDMC)
SLB,Solomon Islands,2015,Cyclone pam,2015-03-09,1000,1000,Weather related,Storm,Typhoon/Hurricane/Cyclone,,,,Internal Displacement Monitoring Centre (IDMC)
SLB,Solomon Islands,2016,"Solomon Islands: Earthquake - Makira, Malaita, Guadalcanal - 09/12/2016",2016-12-09,1400,1353,Geophysical,Earthquake,Earthquake,EQ-2016-000128-SLB:Glide Number,512,,Internal Displacement Monitoring Centre (IDMC)
SLB,Solomon Islands,2017,Solomon Islands: Floods - Guadalcanal - 05/12/2018,2017-12-05,580,575,Weather related,Flood,Flood,,1565,Displacement without preventive evacuations reported,Internal Displacement Monitoring Centre (IDMC)
SLB,Solomon Islands,2018,Solomon Islands: Tropical Depression - 24/1/2018,2018-01-24,100,103,Weather related,Storm,Storm,,2224,,Internal Displacement Monitoring Centre (IDMC)
SLB,Solomon Islands,2018,Solomon Islands: Floods - Honiara - 1/3/2018,2018-03-01,15,15,Weather related,Flood,Flood,,2239,Displacement without preventive evacuations reported,Internal Displacement Monitoring Centre (IDMC)
SLB,Solomon Islands,2018,"Solomon Islands: Floods / Tropical Cyclone Penny - Malaita, Western, Guadalcanal - 27/12/2018",2018-12-27,940,940,Weather related,Flood,Flood,,4555,,Internal Displacement Monitoring Centre (IDMC)
SLB,Solomon Islands,2019,Solomon Islands: Storm - Kwai and Ngongosila islands (East Malaita) - 11/2/2019,2019-02-11,27,27,Weather related,Storm,Storm,,4875,Displacement without preventive evacuations reported,Internal Displacement Monitoring Centre (IDMC)
SLB,Solomon Islands,2019,Solomon Islands: Landslide - Gizo - 10/9/2019,2019-09-10,4,4,Weather related,Mass Movement,Landslide/Wet mass movement,,5639,Displacement without preventive evacuations reported,Internal Displacement Monitoring Centre (IDMC)
SLB,Solomon Islands,2020,Solomon Islands: Floods - Guadalcanal - 10/03/2020,2020-03-12,11,11,Weather related,Flood,Flood,,6950,,Internal Displacement Monitoring Centre (IDMC)
SLB,Solomon Islands,2020,"Vanuatu, Solomon Islands, Fiji, Tonga: Tropical Cyclone Harold - 01/04/2020",2020-04-01,310,308,Weather related,Storm,Storm,TC-2020-000049-VUT:Glide Number; TC-2020-000051-FJI:Glide Number,7351,,Internal Displacement Monitoring Centre (IDMC)
SLB,Solomon Islands,2021,Solomon Islands: Earthquake - Western Province - 15/10/2021,2021-10-15,5,5,Geophysical,Earthquake,Earthquake,,10702,,Internal Displacement Monitoring Centre (IDMC)
SLB,Solomon Islands,2022,Solomon Islands: Earthquake - Guadalcanal Province (Honiara) - 22/11/2022,2022-11-22,11,11,Geophysical,Earthquake,Earthquake,,14114,,Internal Displacement Monitoring Centre (IDMC)
SLB,Solomon Islands,2023,"Solomon Island, Vanuatu: Tropical Cyclone Lola - 22/10/2023",2023-10-22,640,638,Weather related,Storm,Typhoon/Hurricane/Cyclone,TC-2023-000207-VUT:Glide Number; TC-2023-000218-SLB:Glide Number,22193,,Internal Displacement Monitoring Centre (IDMC)
TON,Tonga,2012,Tonga: Storm - 01/01/2012,2012-01-01,400,400,Weather related,Storm,Storm,,,,Internal Displacement Monitoring Centre (IDMC)
TON,Tonga,2013,Tonga: Flood - 04/03/2013,2013-03-04,17,17,Weather related,Flood,Flood,,,,Internal Displacement Monitoring Centre (IDMC)
TON,Tonga,2014,Tropical cyclone ian,2014-01-11,5300,5306,Weather related,Storm,Storm,,,,Internal Displacement Monitoring Centre (IDMC)
TON,Tonga,2016,Tonga: Tropical Cyclone Ula - 31/12/2015,2015-12-31,500,500,Weather related,Storm,Typhoon/Hurricane/Cyclone,,10866,Displacement without preventive evacuations reported,Internal Displacement Monitoring Centre (IDMC)
TON,Tonga,2016,Tropical cyclone Winston,2016-02-07,2500,2500,Weather related,Storm,Typhoon/Hurricane/Cyclone,TC-2016-000014-FJI:Glide Number; TC-2016-000014-TON:Glide Number,657,Displacement without preventive evacuations reported,Internal Displacement Monitoring Centre (IDMC)
TON,Tonga,2018,"American Samoa, New Zealand, Samoa, Tonga: Tropical Cyclone GITA - 9/2/2018",2018-02-09,5700,5700,Weather related,Storm,Typhoon/Hurricane/Cyclone,,3160,Displacement without preventive evacuations reported,Internal Displacement Monitoring Centre (IDMC)
TON,Tonga,2020,"Vanuatu, Solomon Islands, Fiji, Tonga: Tropical Cyclone Harold - 01/04/2020",2020-04-01,2700,2678,Weather related,Storm,Storm,TC-2020-000049-VUT:Glide Number; TC-2020-000051-FJI:Glide Number,7351,Displacement without preventive evacuations reported,Internal Displacement Monitoring Centre (IDMC)
TON,Tonga,2022,Tonga: Volcanic Eruption Hunga Tonga Hunga Ha'apai - 15/01/2022,2022-01-15,2400,2390,Geophysical,Volcanic activity,Volcanic activity,TS-2022-000005-TON:Glide Number; VO-2022-000005-TON:Glide Number,10991,,Internal Displacement Monitoring Centre (IDMC)
TON,Tonga,2024,"Tonga: Flood - Tongatapau (Pili and Pea, Vahe Kolofo'ou) - 15/03/2024",2024-03-15,27,27,Weather related,Flood,Flood,,22894,Displacement without preventive evacuations reported,Internal Displacement Monitoring Centre (IDMC)
TON,Tonga,2024,Tonga: Earthquake - Nuku'alofa - 27/05/2024,2024-05-27,11,11,Geophysical,Earthquake,Earthquake,,25001,Displacement without preventive evacuations reported,Internal Displacement Monitoring Centre (IDMC)
TON,Tonga,2024,Tonga: Flood - Nuku'alofa - 19/10/2024,2024-10-19,2,2,Weather related,Flood,Flood,,27974,Displacement without preventive evacuations reported,Internal Displacement Monitoring Centre (IDMC)
TON,Tonga,2025,Tonga: Earthquake - Nuku'alofa - 31/03/2025,2025-03-31,11,11,Geophysical,Earthquake,Earthquake,,31060,Displacement without preventive evacuations reported,Internal Displacement Monitoring Centre (IDMC)
TUV,Tuvalu,2015,Cyclone pam,2015-03-10,5400,5435,Weather related,Storm,Typhoon/Hurricane/Cyclone,,,,Internal Displacement Monitoring Centre (IDMC)
TUV,Tuvalu,2020,"Fiji, Tuvalu: TC Tino - 17/01/2020",2020-01-17,200,200,Weather related,Storm,Typhoon/Hurricane/Cyclone,,6670,Displacement without preventive evacuations reported,Internal Displacement Monitoring Centre (IDMC)
VUT,Vanuatu,2011,Tropical cyclone atu,2011-01-01,400,400,Weather related,Storm,Storm,,,,Internal Displacement Monitoring Centre (IDMC)
VUT,Vanuatu,2012,Vanuatu: Storm - 01/01/2012,2012-01-01,700,700,Weather related,Storm,Storm,,,,Internal Displacement Monitoring Centre (IDMC)
VUT,Vanuatu,2013,Paama landslide,2013-10-24,69,69,Weather related,Mass Movement,Landslide/Wet mass movement,,,,Internal Displacement Monitoring Centre (IDMC)
VUT,Vanuatu,2014,Tropical cyclone lusi,2014-03-10,150,149,Weather related,Storm,Storm,,,,Internal Displacement Monitoring Centre (IDMC)
VUT,Vanuatu,2014,Efate flash floods,2014-10-06,200,200,Weather related,Flood,Flood,,,,Internal Displacement Monitoring Centre (IDMC)
VUT,Vanuatu,2015,Cyclone pam,2015-03-13,65000,65000,Weather related,Storm,Typhoon/Hurricane/Cyclone,,,,Internal Displacement Monitoring Centre (IDMC)
VUT,Vanuatu,2017,"New Caledonia, Vanuatu: Tropical Cyclone Cook - 05/04/2017",2017-04-06,690,690,Weather related,Storm,Typhoon/Hurricane/Cyclone,,6234,Displacement without preventive evacuations reported,Internal Displacement Monitoring Centre (IDMC)
VUT,Vanuatu,2017,"New Caledonia, Vanuatu: Tropical Cyclone Donna - 08/05/2017",2017-05-08,2700,2700,Weather related,Storm,Typhoon/Hurricane/Cyclone,TC-2017-000045-VUT:Glide Number,667,Displacement without preventive evacuations reported,Internal Displacement Monitoring Centre (IDMC)
VUT,Vanuatu,2017,Vanuatu: Volcanic activity - Ambae island - 22/09/2017,2017-09-22,11000,10869,Geophysical,Volcanic activity,Volcanic activity,VO-2017-000140-VUT:Glide Number,1501,Displacement without preventive evacuations reported,Internal Displacement Monitoring Centre (IDMC)
VUT,Vanuatu,2018,Vanuatu: Tropical Cyclone Hola - 6/3/2018,2018-03-06,100,100,Weather related,Storm,Typhoon/Hurricane/Cyclone,,2277,Displacement without preventive evacuations reported,Internal Displacement Monitoring Centre (IDMC)
VUT,Vanuatu,2018,Vanuatu: Volcanic activity - Ambae island - 18/3/2018,2018-03-18,610,606,Geophysical,Volcanic activity,Volcanic activity,,2156,Displacement without preventive evacuations reported,Internal Displacement Monitoring Centre (IDMC)
VUT,Vanuatu,2018,"Vanuatu: Mudflow - Waluwebue, Ambae - 31/3/2018",2018-03-31,120,119,Weather related,Mass Movement,Landslide/Wet mass movement,,2284,Displacement without preventive evacuations reported,Internal Displacement Monitoring Centre (IDMC)
VUT,Vanuatu,2018,Vanuatu: Volcanic activity (Manaro) - Ambae island - 19/7/2018,2018-07-19,11000,11380,Geophysical,Volcanic activity,Volcanic activity,,2812,Displacement without preventive evacuations reported,Internal Displacement Monitoring Centre (IDMC)
VUT,Vanuatu,2018,Vanuatu: Landslide - Maewo - 12/9/2018,2018-09-12,450,452,Weather related,Mass Movement,Landslide/Wet mass movement,,3345,Displacement without preventive evacuations reported,Internal Displacement Monitoring Centre (IDMC)
VUT,Vanuatu,2018,"New Caledonia, Vanuatu: Earthquake/Tsunami - 5/12/2018",2018-12-05,11,11,Geophysical,Earthquake,Earthquake,,4393,,Internal Displacement Monitoring Centre (IDMC)
VUT,Vanuatu,2018,Vanuatu: Volcanic activity (Ambrym) - Ambrym - 15/12/2018,2018-12-15,300,304,Geophysical,Volcanic activity,Volcanic activity,VO-2018-000424-VUT:Glide Number,4430,Displacement without preventive evacuations reported,Internal Displacement Monitoring Centre (IDMC)
VUT,Vanuatu,2019,Papua New Guinea; Vanuatu: Tropical Cyclone Oma - 13/2/2019,2019-02-13,1000,1000,Weather related,Storm,Typhoon/Hurricane/Cyclone,,3253,Displacement without preventive evacuations reported,Internal Displacement Monitoring Centre (IDMC)
VUT,Vanuatu,2020,Vanuatu: Volcanic ashfall - Tafea (Tanna island) - 31/03/2020,2020-03-31,8,8,Geophysical,Volcanic activity,Volcanic activity,,7532,Displacement without preventive evacuations reported,Internal Displacement Monitoring Centre (IDMC)
VUT,Vanuatu,2020,"Vanuatu, Solomon Islands, Fiji, Tonga: Tropical Cyclone Harold - 01/04/2020",2020-04-01,80000,80183,Weather related,Storm,Storm,TC-2020-000049-VUT:Glide Number; TC-2020-000051-FJI:Glide Number,7351,Displacement without preventive evacuations reported,Internal Displacement Monitoring Centre (IDMC)
VUT,Vanuatu,2022,"Vanuatu, New Caledonia, New Zealand: Tropical Cyclone Dovi - Countrywide - 06/02/2022",2022-02-08,380,384,Weather related,Storm,Typhoon/Hurricane/Cyclone,,12973,,Internal Displacement Monitoring Centre (IDMC)
VUT,Vanuatu,2022,Vanuatu: Tropical Cyclone Gina (Shefa Province) - 03/04/2022,2022-05-16,2,2,Weather related,Storm,Typhoon/Hurricane/Cyclone,,12988,,Internal Displacement Monitoring Centre (IDMC)
VUT,Vanuatu,2023,Vanuatu: Tropical Cyclone Judy and Kevin - 01/03/2023,2023-03-01,64000,64037,Weather related,Storm,Typhoon/Hurricane/Cyclone,TC-2023-000029-VUT:Glide Number; TC-2023-000030-VUT:Glide Number,22180,Displacement without preventive evacuations reported,Internal Displacement Monitoring Centre (IDMC)
VUT,Vanuatu,2023,Vanuatu: Earthquake - Shefa and Tafea - 03/03/2023,2023-03-03,860,863,Geophysical,Earthquake,Earthquake,EQ-2023-000035-VUT:Glide Number,15483,Displacement reporting preventive evacuations,Internal Displacement Monitoring Centre (IDMC)
VUT,Vanuatu,2023,Vanuatu: Earthquake - Shefa - 19/05/2023,2023-05-19,2,2,Geophysical,Earthquake,Earthquake,,16306,Displacement reporting preventive evacuations,Internal Displacement Monitoring Centre (IDMC)
VUT,Vanuatu,2023,"Solomon Island, Vanuatu: Tropical Cyclone Lola - 22/10/2023",2023-10-22,3900,3875,Weather related,Storm,Typhoon/Hurricane/Cyclone,TC-2023-000207-VUT:Glide Number; TC-2023-000218-SLB:Glide Number,22193,Displacement without preventive evacuations reported,Internal Displacement Monitoring Centre (IDMC)
VUT,Vanuatu,2024,Vanuatu: Earthquake - Shefa - 17/12/2024,2024-12-17,3100,3088,Geophysical,Earthquake,Earthquake,EQ-2024-000227-VUT:Glide Number,28648,Displacement without preventive evacuations reported,Internal Displacement Monitoring Centre (IDMC)
